{
    "swagger": "2.0",
    "info": {
        "title": "uploadFile",
        "contact": {},
        "license": {
            "name": "Apache 2.0"
        },
        "version": "1.0"
    },
    "basePath": "/api",
    "paths": {
        "/file/upload": {
            "post": {
                "description": "Upload file",
                "consumes": [
                    "multipart/form-data"
                ],
                "summary": "Upload file",
                "parameters": [
                    {
                        "type": "file",
                        "description": "this is a test file",
                        "name": "myFile",
                        "in": "formData",
                        "required": true
                    }
                ],
                "responses": {
                    "200": {
                        "description": "ok",
                        "schema": {
                            "type": "string"
                        }
                    }
                }
            }
        }
    }
}